Understanding Kin Relationships in a Photo;Toward Large-Scale Face Recognition Using Social Network Context
Understanding Kin Relationships in a Photo;Robust Real-Time Face Detection
Understanding Kin Relationships in a Photo;Unsupervised Joint Alignment of Complex Images
Understanding Kin Relationships in a Photo;Eigenfaces for Recognition
Understanding Kin Relationships in a Photo;Face recognition by independent component analysis
Understanding Kin Relationships in a Photo;Eigenfaces vs. Fisherfaces: recognition using class specific linear projection
Graph-based Kinship Recognition;Kin recognition and the perceived facial similarity of children
Graph-based Kinship Recognition;Towards computational models of kinship verification
Graph-based Kinship Recognition;Where are kin recognition signals in the human face?
Tri-Subject Kinship Verification: Understanding the Core of A Family;Query-Adaptive Image Search With Hash Codes
Tri-Subject Kinship Verification: Understanding the Core of A Family;Multimedia Information Retrieval Based on Late Semantic Fusion Approaches: Experiments on a Wikipedia Image Collection
Tri-Subject Kinship Verification: Understanding the Core of A Family;A Comprehensive Study Over VLAD and Product Quantization in Large-Scale Image Retrieval
Tri-Subject Kinship Verification: Understanding the Core of A Family;Multimedia Event Detection Using A Classifier-Specific Intermediate Representation
Tri-Subject Kinship Verification: Understanding the Core of A Family;Person Identity Label Propagation in Stereo Videos
Tri-Subject Kinship Verification: Understanding the Core of A Family;Seeing People in Social Context: Recognizing People and Social Relationships
Tri-Subject Kinship Verification: Understanding the Core of A Family;Identity and Kinship Relations in Group Pictures
Tri-Subject Kinship Verification: Understanding the Core of A Family;Gabor-based gradient orientation pyramid for kinship verification under uncontrolled environments
Tri-Subject Kinship Verification: Understanding the Core of A Family;Social Image Analysis From a Non-IID Perspective
Tri-Subject Kinship Verification: Understanding the Core of A Family;Kinship Measurement on Salient Facial Features
Visual Kinship Recognition of Families in the Wild;Towards computational models of kinship verification
Visual Kinship Recognition of Families in the Wild;Kinship verification in multi-linear coherent spaces
Visual Kinship Recognition of Families in the Wild;Sparse coding based kinship recognition
Visual Kinship Recognition of Families in the Wild;Who Do I Look Like? Determining Parent-Offspring Resemblance via Gated Autoencoders
Visual Kinship Recognition of Families in the Wild;A feature subtraction method for image based kinship verification under uncontrolled environments
Visual Kinship Recognition of Families in the Wild;Neighbors Based Discriminative Feature Difference Learning for Kinship Verification
Visual Kinship Recognition of Families in the Wild;Kinship classification by modeling facial feature heredity
Visual Kinship Recognition of Families in the Wild;Graph-Based Kinship Recognition
Visual Kinship Recognition of Families in the Wild;Large Margin Multi-metric Learning for Face and Kinship Verification in the Wild
Visual Kinship Recognition of Families in the Wild;Learning a Genetic Measure for Kinship Verification Using Facial Images
Visual Kinship Recognition of Families in the Wild;Inheritable Fisher vector feature for kinship verification
Visual Kinship Recognition of Families in the Wild;Tri-Subject Kinship Verification: Understanding the Core of A Family
Visual Kinship Recognition of Families in the Wild;Automatic Verification of Parent-Child Pairs from Face Images
Visual Kinship Recognition of Families in the Wild;Detecting siblings in image pairs
Visual Kinship Recognition of Families in the Wild;Leveraging appearance and geometry for kinship verification
Learning deep compact similarity metric for kinship verification from face images;Cross-cultural perceptions of facial resemblance between kin
Learning Social Relation Traits from Face Images;Training Hierarchical Feed-Forward Visual Recognition Models Using Transfer Learning from Pseudo-Tasks
Learning Social Relation Traits from Face Images;SIGNATURE VERIFICATION USING A “SIAMESE” TIME DELAY NEURAL NETWORK
Learning Social Relation Traits from Face Images;Discovering informative social subgraphs and predicting pairwise relationships from group photos
A Domain Based Approach to Social Relation Recognition;Acquisition of the algorithms of social life: A domain-based approach.
A Domain Based Approach to Social Relation Recognition;The relationship context of human behavior and development.
Dual-Glance Model for Deciphering Social Relationships;Social LSTM: Human Trajectory Prediction in Crowded Spaces
Dual-Glance Model for Deciphering Social Relationships;From Ego to Nos-Vision: Detecting Social Relationships in First-Person Views
Dual-Glance Model for Deciphering Social Relationships;Discovering informative social subgraphs and predicting pairwise relationships from group photos
Dual-Glance Model for Deciphering Social Relationships;A Unified Framework for Multi-target Tracking and Collective Activity Recognition
Dual-Glance Model for Deciphering Social Relationships;A circumplex model for interpersonal personality traits.
Dual-Glance Model for Deciphering Social Relationships;Structure Inference Machines: Recurrent Neural Networks for Analyzing Relations in Group Activity Recognition
Dual-Glance Model for Deciphering Social Relationships;Like Father, Like Son: Facial Expression Dynamics for Kinship Verification
Dual-Glance Model for Deciphering Social Relationships;Learning Social Relations from Videos: Features, Models, and Analytics
Dual-Glance Model for Deciphering Social Relationships;Team Activity Recognition in Sports
Dual-Glance Model for Deciphering Social Relationships;From captions to visual concepts and back
Dual-Glance Model for Deciphering Social Relationships;Towards computational models of kinship verification
Deep Reasoning with Knowledge Graph for Social Relationship Understanding;Social LSTM: Human Trajectory Prediction in Crowded Spaces
SOCIAL RELATION RECOGNITION IN EGOCENTRIC PHOTOSTREAMS;Social Relationships and Health: A Flashpoint for Health Policy
SOCIAL RELATION RECOGNITION IN EGOCENTRIC PHOTOSTREAMS;Social Role Discovery in Human Events
SOCIAL RELATION RECOGNITION IN EGOCENTRIC PHOTOSTREAMS;Who Do I Look Like? Determining Parent-Offspring Resemblance via Gated Autoencoders
SOCIAL RELATION RECOGNITION IN EGOCENTRIC PHOTOSTREAMS;Urban tribes: Analyzing group photos from a social perspective
SOCIAL RELATION RECOGNITION IN EGOCENTRIC PHOTOSTREAMS;What Do You Do? Occupation Recognition in a Photo via Social Context
RoleNet: Movie Analysis from the Perspective of Social Networks;On the use of computable features for film classification
RoleNet: Movie Analysis from the Perspective of Social Networks;Toward automatic extraction of expressive elements from motion pictures: tempo
RoleNet: Movie Analysis from the Perspective of Social Networks;Systematic evaluation of logical story unit segmentation
RoleNet: Movie Analysis from the Perspective of Social Networks;Techniques for movie content analysis and skimming: tutorial and overview on video abstraction techniques
RoleNet: Movie Analysis from the Perspective of Social Networks;Video abstraction
RoleNet: Movie Analysis from the Perspective of Social Networks;Narrative abstraction model for story-oriented video
RoleNet: Movie Analysis from the Perspective of Social Networks;Automatically selecting shots for action movie trailers
RoleNet: Movie Analysis from the Perspective of Social Networks;Action movies segmentation and summarization based on tempo analysis
RoleNet: Movie Analysis from the Perspective of Social Networks;Affective understanding in film
RoleNet: Movie Analysis from the Perspective of Social Networks;Affective video content representation and modeling
Learning Relations among Movie Characters: A Social Network Perspective;Chaotic Invariants for Human Action Recognition
Learning Relations among Movie Characters: A Social Network Perspective;A Unified Framework for Gesture Recognition and Spatiotemporal Gesture Segmentation
Learning Relations among Movie Characters: A Social Network Perspective;On Film Character Retrieval in Feature-Length Films
Learning Relations among Movie Characters: A Social Network Perspective;Detecting Communities in Social Networks using Max-Min Modularity
Learning Relations among Movie Characters: A Social Network Perspective;Movie/Script: Alignment and Parsing of Video and Text Transcription
Learning Relations among Movie Characters: A Social Network Perspective;Graph based event detection from realistic videos using weak feature correspondence
Learning Relations among Movie Characters: A Social Network Perspective;Recognizing action at a distance
Learning Relations among Movie Characters: A Social Network Perspective;Action recognition by learning mid-level motion features
Learning Relations among Movie Characters: A Social Network Perspective;Centrality in social networks conceptual clarification
Learning Relations among Movie Characters: A Social Network Perspective;Automatically detecting the small group structure of a crowd
Learning Relations among Movie Characters: A Social Network Perspective;A Linear Programming Approach for Multiple Object Tracking
Learning Relations among Movie Characters: A Social Network Perspective;Space-time interest points
Learning Relations among Movie Characters: A Social Network Perspective;Weakly-Supervised Violence Detection in Movies with Audio and Video Based Co-training
MINING ACTOR CORRELATIONS WITH HIERARCHICAL CONCURRENCE PARSING;Cast indexing for videos by NCuts and page ranking
MINING ACTOR CORRELATIONS WITH HIERARCHICAL CONCURRENCE PARSING;Attention-driven action retrieval with DTW-based 3d descriptor matching
MINING ACTOR CORRELATIONS WITH HIERARCHICAL CONCURRENCE PARSING;Place retrieval with graph-based place-view model
Automatic Social Network Construction from Movies Using Film-Editing Cues;Face Description with Local Binary Patterns: Application to Face Recognition
Automatic Social Network Construction from Movies Using Film-Editing Cues;Algorithm 457: finding all cliques of an undirected graph
Automatic Social Network Construction from Movies Using Film-Editing Cues;Talking pictures: Temporal grouping and dialog-supervised person recognition
Automatic Social Network Construction from Movies Using Film-Editing Cues;Clustering by Passing Messages Between Data Points
Automatic Social Network Construction from Movies Using Film-Editing Cues;A Novel Role-Based Movie Scene Segmentation Method
Automatic Social Network Construction from Movies Using Film-Editing Cues;From photo networks to social networks, creation and use of a social network derived with photos
Character Relationship Analysis in Movies Using Face Tracks;RoleNet: Movie Analysis from the Perspective of Social Networks
Character Relationship Analysis in Movies Using Face Tracks;Character Identification in Feature-Length Films Using Global Face-Name Matching
Character Relationship Analysis in Movies Using Face Tracks;Visual memes in social media
Character Relationship Analysis in Movies Using Face Tracks;Semantic retrieval of video - review of research on video retrieval in meetings, movies and broadcast news, and sports
Character Relationship Analysis in Movies Using Face Tracks;Multimedia Semantics: Interactions Between Content and Community
Character Relationship Analysis in Movies Using Face Tracks;Hello! My name is... Buffy'' -- Automatic Naming of Characters in TV Video
Character Relationship Analysis in Movies Using Face Tracks;Cast2Face
Social Network Analysis of TV Drama Characters via Deep Concept Hierarchies;Recent Developments in Role Theory
Social Network Construction of the Role Relation in Unstructured Data Based on Multi-view;Family and Social Network
Social Network Construction of the Role Relation in Unstructured Data Based on Multi-view;Herb network construction and co-module analysis for uncovering the combination rule of traditional Chinese herbal formulae
Social Network Construction of the Role Relation in Unstructured Data Based on Multi-view;Ecological network analysis: network construction
SRE-Net Model for Automatic Social Relation Extraction from Video;Image Clustering under Domain Shift
Visual Transformation Aided Contrastive Learning for Video-based Kinship Verification;Constrained Local Neural Fields for Robust Facial Landmark Detection in the Wild
Visual Transformation Aided Contrastive Learning for Video-based Kinship Verification;OpenFace: An open source facial behavior analysis toolkit
Visual Transformation Aided Contrastive Learning for Video-based Kinship Verification;Notice of Removal Kinship verification from videos using spatio-temporal texture features and deep learning
Visual Transformation Aided Contrastive Learning for Video-based Kinship Verification;Face recognition with learning-based descriptor
Visual Transformation Aided Contrastive Learning for Video-based Kinship Verification;THE TIMING OF FACIAL MOTION IN POSED AND SPONTANEOUS SMILES
Visual Transformation Aided Contrastive Learning for Video-based Kinship Verification;Where are kin recognition signals in the human face?
Visual Transformation Aided Contrastive Learning for Video-based Kinship Verification;Who Do I Look Like? Determining Parent-Offspring Resemblance via Gated Autoencoders
Visual Transformation Aided Contrastive Learning for Video-based Kinship Verification;Like Father, Like Son: Facial Expression Dynamics for Kinship Verification
Visual Transformation Aided Contrastive Learning for Video-based Kinship Verification;Are You Really Smiling at Me? Spontaneous versus Posed Enjoyment Smiles
Inferring Social Relations from Visual Concepts;Histograms of oriented optical flow and Binet-Cauchy kernels on nonlinear dynamical systems for the recognition of human actions
Inferring Social Relations from Visual Concepts;Evolutionary spectral clustering by incorporating temporal smoothness
Inferring Social Relations from Visual Concepts;Location disclosure to social relations
Inferring Social Relations from Visual Concepts;Graph based event detection from realistic videos using weak feature correspondence
Social Relation Recognition from Videos via Multi-scale Spatial-Temporal Reasoning;Social LSTM: Human Trajectory Prediction in Crowded Spaces
Social Relation Recognition from Videos via Multi-scale Spatial-Temporal Reasoning;Social Scene Understanding: End-to-End Multi-person Action Localization and Collective Activity Recognition
TWO-STAGE MODEL FOR SOCIAL RELATIONSHIP UNDERSTANDING FROM VIDEOS;Deep Reasoning with Knowledge Graph for Social Relationship Understanding
Social Roles in Hierarchical Models for Human Activity Recognition;A chains model for localizing participants of group activities in videos
Social Roles in Hierarchical Models for Human Activity Recognition;Group Level Activity Recognition in Crowded Environments across Multiple Cameras
Joint Inference of Groups, Events and Human Roles in Aerial Videos;SLIC Superpixels Compared to State-of-the-Art Superpixel Methods
Beyond Frontal Faces: Improving Person Recognition Using Multiple Cues;Contextual Identity Recognition in Personal Photo Albums
Beyond Frontal Faces: Improving Person Recognition Using Multiple Cues;Poselets: Body part detectors trained using 3D human pose annotations
Beyond Frontal Faces: Improving Person Recognition Using Multiple Cues;Describing people: A poselet-based approach to attribute classification
Beyond Frontal Faces: Improving Person Recognition Using Multiple Cues;Semi-supervised Learning with Constraints for Person Identification in Multimedia Data
Beyond Frontal Faces: Improving Person Recognition Using Multiple Cues;Fusing Robust Face Region Descriptors via Multiple Metric Learning for Face Recognition in the Wild
Beyond Frontal Faces: Improving Person Recognition Using Multiple Cues;ImageNet: A large-scale hierarchical image database
Visual Social Relationship Recognition;Don't Just Assume; Look and Answer: Overcoming Priors for Visual Question Answering
Visual Social Relationship Recognition;Social LSTM: Human Trajectory Prediction in Crowded Spaces
Visual Social Relationship Recognition;SALSA: A Novel Dataset for Multimodal Group Behavior Analysis
Visual Social Relationship Recognition;From Ego to Nos-Vision: Detecting Social Relationships in First-Person Views
Visual Social Relationship Recognition;Discovering informative social subgraphs and predicting pairwise relationships from group photos
Joint user-interest and social-influence emotion prediction for individuals;Social-Sensed Multimedia Computing
Joint user-interest and social-influence emotion prediction for individuals;Twitter mood predicts the stock market
Link prediction in fuzzy social networks using distributed learning automata;Link prediction in complex networks: A survey
Retweeting Prediction Based on Social Hotspots and Dynamic Tensor Decomposition;Social media
Retweeting Prediction Based on Social Hotspots and Dynamic Tensor Decomposition;Campaign Optimization Through Behavioral Modeling and Mobile Network Analysis
Retweeting Prediction Based on Social Hotspots and Dynamic Tensor Decomposition;What is Twitter, a social network or a news media?
Detect potential relations by link prediction in multi-relational social networks;Online shopping intention in the context of data breach in online retail stores: An examination of older and younger adults
Detect potential relations by link prediction in multi-relational social networks;An empirical examination of the influence of biased personalized product recommendations on consumers' decision making outcomes
Detect potential relations by link prediction in multi-relational social networks;A link prediction approach for item recommendation with complex number
Detect potential relations by link prediction in multi-relational social networks;Whose online reviews to trust? Understanding reviewer trustworthiness and its impact on business
Detect potential relations by link prediction in multi-relational social networks;An improved robust heteroscedastic probabilistic neural network based trust prediction approach for cloud service selection
User Vitality Ranking and Prediction in Social Networking Services: A Dynamic Network Perspective;Everyone's an influencer
Influence Factorization for identifying authorities in Twitter;Real-time event detection for online behavioral analysis of big social data
Prediction of Personalized Rating by Combining Bandwagon Effect and Social Group Opinion: using Hadoop-Spark Framework;New Evidence About the Existence of a Bandwagon Effect in the Opinion Formation Process
Prediction of Personalized Rating by Combining Bandwagon Effect and Social Group Opinion: using Hadoop-Spark Framework;Social information filtering
Prediction of Personalized Rating by Combining Bandwagon Effect and Social Group Opinion: using Hadoop-Spark Framework;Item-based collaborative filtering recommendation algorithms
Prediction of Personalized Rating by Combining Bandwagon Effect and Social Group Opinion: using Hadoop-Spark Framework;Amazon.com recommendations: item-to-item collaborative filtering
A hybrid collaborative ﬁltering model for social inﬂuence prediction in event-based social networks;Event-based social networks
A hybrid collaborative ﬁltering model for social inﬂuence prediction in event-based social networks;A Study of Offline Events and Its Influence on Online Social Connections in Douban
A hybrid collaborative ﬁltering model for social inﬂuence prediction in event-based social networks;Evaluating geo-social influence in location-based social networks
A hybrid collaborative ﬁltering model for social inﬂuence prediction in event-based social networks;Exploring the Impact of Dynamic Mutual Influence on Social Event Participation
A hybrid collaborative ﬁltering model for social inﬂuence prediction in event-based social networks;User interest and social influence based emotion prediction for individuals
A hybrid collaborative ﬁltering model for social inﬂuence prediction in event-based social networks;Exploring social influence for recommendation
A hybrid collaborative ﬁltering model for social inﬂuence prediction in event-based social networks;Maximizing the spread of influence through a social network
A hybrid collaborative ﬁltering model for social inﬂuence prediction in event-based social networks;Influence and correlation in social networks
A hybrid collaborative ﬁltering model for social inﬂuence prediction in event-based social networks;Exploring Social Influence on Location-Based Social Networks
A hybrid collaborative ﬁltering model for social inﬂuence prediction in event-based social networks;TwitterRank
A hybrid collaborative ﬁltering model for social inﬂuence prediction in event-based social networks;Who should share what?
A hybrid collaborative ﬁltering model for social inﬂuence prediction in event-based social networks;Exploring complex networks
A hybrid collaborative ﬁltering model for social inﬂuence prediction in event-based social networks;Social influence analysis in large-scale networks
A hybrid collaborative ﬁltering model for social inﬂuence prediction in event-based social networks;Mining topic-level influence in heterogeneous networks
A hybrid collaborative ﬁltering model for social inﬂuence prediction in event-based social networks;Factorization meets the neighborhood
A hybrid collaborative ﬁltering model for social inﬂuence prediction in event-based social networks;Yes, there is a correlation
A hybrid collaborative ﬁltering model for social inﬂuence prediction in event-based social networks;Identifying the influential bloggers in a community
A hybrid collaborative ﬁltering model for social inﬂuence prediction in event-based social networks;Learning influence probabilities in social networks
A hybrid collaborative ﬁltering model for social inﬂuence prediction in event-based social networks;Predicting the topic influence trends in social media with multiple models
A hybrid collaborative ﬁltering model for social inﬂuence prediction in event-based social networks;Online Topic-based Social Influence Analysis for the Wimbledon Championships
A mathematical approach to gauging influence by identifying shifts in the emotions of social media users;Evaluation of computerized text analysis in an Internet breast cancer support group
A mathematical approach to gauging influence by identifying shifts in the emotions of social media users;Measuring influence on Twitter
A User Participation Behavior Prediction Model of Social Hotspots Based on Influence and Markov Random Field;Network analysis for active and passive propagation models
A User Participation Behavior Prediction Model of Social Hotspots Based on Influence and Markov Random Field;Social network user influence sense-making and dynamics prediction
A User Participation Behavior Prediction Model of Social Hotspots Based on Influence and Markov Random Field;Topic-aware social influence propagation models
A User Participation Behavior Prediction Model of Social Hotspots Based on Influence and Markov Random Field;Programmable CMOS/Memristor Threshold Logic
A User Participation Behavior Prediction Model of Social Hotspots Based on Influence and Markov Random Field;A predictive model for the temporal dynamics of information diffusion in online social networks
A User Participation Behavior Prediction Model of Social Hotspots Based on Influence and Markov Random Field;Locating multiple sources in social networks under the SIR model: A divide-and-conquer approach
Impact of context on social influence;Information and Influence Propagation in Social Networks
Impact of context on social influence;Influential Nodes in a Diffusion Model for Social Networks
Impact of context on social influence;Topic-Aware Social Influence Propagation Models
Impact of context on social influence;Maximizing the spread of influence through a social network
Impact of context on social influence;Selection and influence in cultural dynamics
Impact of context on social influence;Scalable Influence Maximization in Social Networks under the Linear Threshold Model
Influence in social networks A unified model？;Diffusion of Information in Social Networks: Is It All Local?
Influence in social networks A unified model？;Modeling information diffusion and community membership using stochastic optimization
Information diffusion prediction in mobile social networks with hydrodynamic model;5G Ultra-Dense Cellular Networks
Information diffusion prediction in mobile social networks with hydrodynamic model;5G wireless backhaul networks: challenges and research advances
Information diffusion prediction in mobile social networks with hydrodynamic model;Information diffusion in online social networks
Social restricted Boltzmann Machine Human behavior prediction in health social networks;Human agency in social cognitive theory.
Social restricted Boltzmann Machine Human behavior prediction in health social networks;Nicholas Christakis: The hidden influence of social networks
Social restricted Boltzmann Machine Human behavior prediction in health social networks;The Spread of Obesity in a Large Social Network over 32 Years
What Cuisine Do You Like- Improving Dining Preference Prediction through Physical Social Locations;On the quality of inferring interests from social neighbors
What Cuisine Do You Like- Improving Dining Preference Prediction through Physical Social Locations;Inferring preference correlations from social networks
Forecasting participants of information diffusion on social networks with its applications;Global Diffusion via Cascading Invitations
Forecasting participants of information diffusion on social networks with its applications;Supervised random walks
Forecasting participants of information diffusion on social networks with its applications;Predicting trending messages and diffusion participants in microblogging network
Forecasting participants of information diffusion on social networks with its applications;Learning social network embeddings for predicting information diffusion
Forecasting participants of information diffusion on social networks with its applications;Can cascades be predicted?
Forecasting participants of information diffusion on social networks with its applications;Predicting Item Adoption Using Social Correlation
Forecasting participants of information diffusion on social networks with its applications;Fast discovery of connection subgraphs
Learning to Predict Reciprocity and Triadic Closure in Social Networks;Preferential behavior in online groups
Learning to Predict Reciprocity and Triadic Closure in Social Networks;Supervised random walks
Retweeting Behavior Prediction Based on One-Class Collaborative Filtering in Social Networks;User^|^apos;s Action and Decision Making of Retweet Messages towards Reducing Misinformation Spread during Disaster
Retweeting Behavior Prediction Based on One-Class Collaborative Filtering in Social Networks;Message Clustering based Matrix Factorization Model for Retweeting Behavior Prediction
Retweeting Behavior Prediction Based on One-Class Collaborative Filtering in Social Networks;Who will retweet me?
Learning information diffusion model in a social network for predicting influence of nodes;Blogosphere
Learning information diffusion model in a social network for predicting influence of nodes;Error and attack tolerance of complex networks
Learning information diffusion model in a social network for predicting influence of nodes;The anatomy of a large-scale hypertextual Web search engine
Learning information diffusion model in a social network for predicting influence of nodes;Social Networks Applied
Learning information diffusion model in a social network for predicting influence of nodes;Critical phenomena in complex networks
A Combined Collaborative Filtering Model for Social Inﬂuence Prediction in Event-Based Social Networks;Identifying the influential bloggers in a community
A Combined Collaborative Filtering Model for Social Inﬂuence Prediction in Event-Based Social Networks;Influence and correlation in social networks
Joint user-interest and social-influence emotion prediction for individuals;Social-Sensed Multimedia Computing
Joint user-interest and social-influence emotion prediction for individuals;Twitter mood predicts the stock market
Personalized Tag Prediction via Social Influence in Social Networks;Clustering the tagged web
Personalized Tag Prediction via Social Influence in Social Networks;Statistical entity-topic models
Personalized Tag Prediction via Social Influence in Social Networks;The topic-perspective model for social tagging systems
Personalized Tag Prediction via Social Influence in Social Networks;Birds of a Feather: Homophily in Social Networks
Social Influence (Deep) Learning for Human Behavior Prediction;The Structure and Function of Complex Networks
Social Influence (Deep) Learning for Human Behavior Prediction;Statistical mechanics of complex networks
Social Network User Inﬂuence Dynamics Prediction;How to search a social network
Trafﬁc Clustering and Online Trafﬁc Prediction in Vehicle Networks: A Social Inﬂuence Perspective;Dynamic prediction of traffic volume through Kalman filtering theory
Who Should Share What? Item-level Social Inﬂuence Prediction for Users and Posts Ranking;Identifying the influential bloggers in a community
Who Should Share What? Item-level Social Inﬂuence Prediction for Users and Posts Ranking;Influence and correlation in social networks
Who Should Share What? Item-level Social Inﬂuence Prediction for Users and Posts Ranking;Social influence and the diffusion of user-created content
Who Should Share What? Item-level Social Inﬂuence Prediction for Users and Posts Ranking;AdHeat
An intuitionistic fuzzy method for social network prediction problems;Deterministic scale-free networks
Utility-Based Link Recommendation for Online Social Networks;Actions speak as loud as words
Dynamic graph convolutional networks;The Graph Neural Network Model
Dynamic graph convolutional networks;Recursive neural networks learn to localize faces
Dynamic graph convolutional networks;Image annotation via graph learning
Learning to Represent the Evolution of Dynamic Graphs with Recurrent Models;Distributed Representations of Subgraphs
Triadic Closure Pattern Analysis and Prediction in Social Networks;Group formation in large social networks
A weakly-supervised factorization method with dynamic graph embedding;Semi-Supervised Learning
Community Preserving Network Embedding;The political blogosphere and the 2004 U.S. election
DEEPEYE: Link Prediction in Dynamic Networks Based on Non-negative Matrix Factorization;An efficient algorithm for link prediction in temporal uncertain social networks
DEEPEYE: Link Prediction in Dynamic Networks Based on Non-negative Matrix Factorization;Analysis-preserving protection of user privacy against information leakage of social-network Likes
DEEPEYE: Link Prediction in Dynamic Networks Based on Non-negative Matrix Factorization;Verifying social network models of Wikipedia knowledge community
DEEPEYE: Link Prediction in Dynamic Networks Based on Non-negative Matrix Factorization;Super mediator – A new centrality measure of node importance for information diffusion over social network
DEEPEYE: Link Prediction in Dynamic Networks Based on Non-negative Matrix Factorization;A multi-step outlier-based anomaly detection approach to network-wide traffic
DEEPEYE: Link Prediction in Dynamic Networks Based on Non-negative Matrix Factorization;Predicting missing links via correlation between nodes
DEEPEYE: Link Prediction in Dynamic Networks Based on Non-negative Matrix Factorization;Link prediction in social networks: the state-of-the-art
DEEPEYE: Link Prediction in Dynamic Networks Based on Non-negative Matrix Factorization;Improved personalized recommendation based on a similarity network
DEEPEYE: Link Prediction in Dynamic Networks Based on Non-negative Matrix Factorization;Age-series based link prediction in evolving disease networks
High-Order Proximity Preserved Embedding for Dynamic Networks;Structural Deep Network Embedding
High-Order Proximity Preserved Embedding for Dynamic Networks;Incorporate Group Information to Enhance Network Embedding
Learning Multi-granularity Dynamic Network Representations for Social Recommendation;Social collaborative filtering for cold-start recommendations
Learning Multi-granularity Dynamic Network Representations for Social Recommendation;HyPER
Learning Multi-granularity Dynamic Network Representations for Social Recommendation;Deep Neural Networks for YouTube Recommendations
Learning Multi-granularity Dynamic Network Representations for Social Recommendation;LINE
Learning Multi-granularity Dynamic Network Representations for Social Recommendation;DeepWalk
Learning Multi-granularity Dynamic Network Representations for Social Recommendation;Learning Community Embedding with Community Detection and Node Embedding on Graphs
Learning Multi-granularity Dynamic Network Representations for Social Recommendation;Attributed Network Embedding for Learning in a Dynamic Environment
Scalable Temporal Latent Space Inference for Link Prediction in Dynamic Social Networks;A Survey of Link Prediction in Social Networks
Scalable Temporal Latent Space Inference for Link Prediction in Dynamic Social Networks;The link prediction problem for social networks
Scalable Temporal Latent Space Inference for Link Prediction in Dynamic Social Networks;Birds of a Feather: Homophily in Social Networks
TIMERS: Error-Bounded SVD Restart on Dynamic Networks;Emergence of Scaling in Random Networks
DHNE: Network Representation Learning Method for Dynamic Heterogeneous Networks;HetPathMine: A Novel Transductive Classification Algorithm on Heterogeneous Information Networks
dynnode2vec: Scalable Dynamic Network Embedding;GraRep
dynnode2vec: Scalable Dynamic Network Embedding;LINE
dynnode2vec: Scalable Dynamic Network Embedding;node2vec
dynnode2vec: Scalable Dynamic Network Embedding;DeepWalk
A Deep Learning Approach to Link Prediction in Dynamic Networks;Friends and neighbors on the Web
A Deep Learning Approach to Link Prediction in Dynamic Networks;On Dynamic Link Inference in Heterogeneous Networks
A Deep Learning Approach to Link Prediction in Dynamic Networks;Statistical Inference for Probabilistic Functions of Finite State Markov Chains
dyngraph2vec: Capturing Network Dynamics using Dynamic Graph Representation Learning;Overview of the 2003 KDD Cup
Streaming Link Prediction on Dynamic Attributed Networks;Evolutionary Network Analysis
Streaming Link Prediction on Dynamic Attributed Networks;On Classification of Graph Streams
Streaming Link Prediction on Dynamic Attributed Networks;Outlier detection in graph streams
Streaming Link Prediction on Dynamic Attributed Networks;On Clustering Graph Streams
Restricted Boltzmann Machine-Based Approaches for Link Prediction in Dynamic Networks;The link-prediction problem for social networks
Restricted Boltzmann Machine-Based Approaches for Link Prediction in Dynamic Networks;Link prediction in social networks: the state-of-the-art
Restricted Boltzmann Machine-Based Approaches for Link Prediction in Dynamic Networks;Clustering and preferential attachment in growing networks
Restricted Boltzmann Machine-Based Approaches for Link Prediction in Dynamic Networks;A new status index derived from sociometric analysis
Restricted Boltzmann Machine-Based Approaches for Link Prediction in Dynamic Networks;Evolution of the social network of scientific collaborations
Restricted Boltzmann Machine-Based Approaches for Link Prediction in Dynamic Networks;When will it happen?
Restricted Boltzmann Machine-Based Approaches for Link Prediction in Dynamic Networks;Supervised Link Prediction Using Multiple Sources
Restricted Boltzmann Machine-Based Approaches for Link Prediction in Dynamic Networks;Who Will Follow Whom? Exploiting Semantics for Link Prediction in Attention-Information Networks
Restricted Boltzmann Machine-Based Approaches for Link Prediction in Dynamic Networks;Deep Learning Approaches for Link Prediction in Social Network Services
Restricted Boltzmann Machine-Based Approaches for Link Prediction in Dynamic Networks;A Deep Learning Approach to Link Prediction in Dynamic Networks
Restricted Boltzmann Machine-Based Approaches for Link Prediction in Dynamic Networks;Hierarchical structure and the prediction of missing links in networks
Restricted Boltzmann Machine-Based Approaches for Link Prediction in Dynamic Networks;Missing and spurious interactions and the reconstruction of complex networks
Restricted Boltzmann Machine-Based Approaches for Link Prediction in Dynamic Networks;Local Probabilistic Models for Link Prediction
Restricted Boltzmann Machine-Based Approaches for Link Prediction in Dynamic Networks;An efficient algorithm for link prediction in temporal uncertain social networks
Restricted Boltzmann Machine-Based Approaches for Link Prediction in Dynamic Networks;An evolutionary algorithm approach to link prediction in dynamic social networks
Knowledge Graph Embedding: A Survey of Approaches and Applications;Freebase
YAGO: A core of semantic knowledge;Snowball
Toward an architecture for never-ending language learning;An Integrated Theory of the Mind.
Question answering with subgraph embeddings;Semantic Parsing via Paraphrasing
Translating embeddings for modeling multi-relational data;Freebase
Translating embeddings for modeling multi-relational data;A semantic matching energy function for learning with multi-relational data
Knowledge graph embedding by translating on hyperplanes;Gene Ontology: tool for the unification of biology
Knowledge graph embedding by translating on hyperplanes;Freebase
A latent factor model for highly multi-relational data;Optimization with Sparsity-Inducing Penalties
A latent factor model for highly multi-relational data;A semantic matching energy function for learning with multi-relational data
Reasoning with neural tensor networks for knowledge base completion;WordNet
Reasoning with neural tensor networks for knowledge base completion;Yago
Relation extraction with matrix factorization and universal schemas;What IS-A Is and Isn't: An Analysis of Taxonomic Links in Semantic Networks
Factorizing YAGO: Scalable machine learning for linked data;OPTICS
Factorizing YAGO: Scalable machine learning for linked data;DBpedia: A Nucleus for a Web of Open Data
Representation learning of knowledge graphs with hierarchical types;Freebase
Representation learning of knowledge graphs with entity descriptions;Freebase
Text-enhanced representation learning for knowledge graph;Freebase
Injecting Logical Background Knowledge into Embeddings for Relation Extraction;Learning from hints in neural networks
Learning to represent knowledge graphs with Gaussian embedding;Freebase
Learning to represent knowledge graphs with Gaussian embedding;Question Answering with Subgraph Embeddings
Learning to represent knowledge graphs with Gaussian embedding;A semantic matching energy function for learning with multi-relational data
TransG: A Generative Model for Knowledge Graph Embedding;Freebase
Locally Adaptive Translation for Knowledge Graph Embedding;Freebase
Knowledge graph embedding with diversity of structures;A semantic matching energy function for learning with multi-relational data
Improving knowledge graph embedding using simple constraints;Freebase
Improving knowledge graph embedding using simple constraints;A semantic matching energy function for learning with multi-relational data
Knowledge graph embedding with iterative guidance from soft rules;Freebase
From Knowledge Graph Embedding to Ontology Embedding? An Analysis of the Compatibility between Vector Space Representations and Rules;An Introduction to Description Logic
An embedding approach to anomaly detection;Structural Holes and Good Ideas
A comprehensive survey on graph neural networks;You Only Look Once: Unified, Real-Time Object Detection
7th ACM international conference on Web search and data mining. ACM, 2014: 393-402;A New Product Growth for Model Consumer Durables
Structural Deep Network Embedding;Laplacian Eigenmaps for Dimensionality Reduction and Data Representation
Structural Deep Network Embedding;Learning Deep Architectures for AI
Embedding of embedding (eoe): Joint embedding for coupled heterogeneous networks;Distributed large-scale natural graph factorization
Embedding of embedding (eoe): Joint embedding for coupled heterogeneous networks;Minimization of functions having Lipschitz continuous first partial derivatives
Node2vec: Scalable feature learning for networks;Supervised random walks
Grarep: Learning graph representations with global structural information;Distributed large-scale natural graph factorization
ARROW: Approximating Reachability Using Random Walks Over Web-Scale Graphs;Efficient management of transitive relationships in large data and knowledge bases
ARROW: Approximating Reachability Using Random Walks Over Web-Scale Graphs;Algorithms on evolving graphs
Estimating Walk-Based Similarities Using Random Walk;Local Computation of PageRank Contributions
Estimating Walk-Based Similarities Using Random Walk;Local Graph Partitioning using PageRank Vectors
Estimating Walk-Based Similarities Using Random Walk;Video suggestion and discovery for youtube
Local low-rank matrix approximation with preference selection of anchor points;A comparative study of heterogeneous item recommendations in social systems
Selection of random walkers that optimizes the global mean first-passage time for search in complex networks;Statistical mechanics of complex networks
A Survey on Network Embedding;NetworKit: A tool suite for large-scale complex network analysis
A Survey on Network Embedding;Collective Classification in Network Data
A Survey on Network Embedding;DeepWalk
Graph Representation Ensemble Learning;Distributed large-scale natural graph factorization
Graph Representation Ensemble Learning;Distributed large-scale natural graph factorization
Quantification of network structural dissimilarities;Comparison of graphs by their number of spanning trees
Structural Deep Network Embedding;Laplacian Eigenmaps for Dimensionality Reduction and Data Representation
Structural Deep Network Embedding;Learning Deep Architectures for AI
GraRep: Learning Graph Representations with Global Structural Information;Distributed large-scale natural graph factorization
Embedding of Embedding (EOE): Joint Embedding for Coupled Heterogeneous Networks;Distributed large-scale natural graph factorization
Embedding of Embedding (EOE): Joint Embedding for Coupled Heterogeneous Networks;Minimization of functions having Lipschitz continuous first partial derivatives
SNAP: A General Purpose Network Analysis and Graph Mining Library;PATRIC
SNAP: A General Purpose Network Analysis and Graph Mining Library;Emergence of Scaling in Random Networks
Probabilistic latent document network embedding;Principal Component Analysis
Information diffusion backbones in temporal networks;A simple model of global cascades on random networks
Coupling dynamics of epidemic spreading and information diffusion on complex networks;Epidemic processes in complex networks
Coupling dynamics of epidemic spreading and information diffusion on complex networks;Some features of the spread of epidemics and information on a random graph
Coupling dynamics of epidemic spreading and information diffusion on complex networks;Epidemic Spreading in Scale-Free Networks
Coupling dynamics of epidemic spreading and information diffusion on complex networks;Velocity and Hierarchical Spread of Epidemic Outbreaks in Scale-Free Networks
Coupling dynamics of epidemic spreading and information diffusion on complex networks;Small World Effect in an Epidemiological Model
Coupling dynamics of epidemic spreading and information diffusion on complex networks;Searching for the most cost-effective strategy for controlling epidemics spreading on regular and small-world networks
Coupling dynamics of epidemic spreading and information diffusion on complex networks;Epidemics on interconnected networks
Coupling dynamics of epidemic spreading and information diffusion on complex networks;Epidemics on interconnected lattices
Coupling dynamics of epidemic spreading and information diffusion on complex networks;Forecast and control of epidemics in a globalized world
Coupling dynamics of epidemic spreading and information diffusion on complex networks;Mitigation strategies for pandemic influenza in the United States
Coupling dynamics of epidemic spreading and information diffusion on complex networks;Spreading of sexually transmitted diseases in heterosexual populations
Coupling dynamics of epidemic spreading and information diffusion on complex networks;Influence of network dynamics on the spread of sexually transmitted diseases
Coupling dynamics of epidemic spreading and information diffusion on complex networks;Predicting the local dynamics of epizootic rabies among raccoons in the United States
Coupling dynamics of epidemic spreading and information diffusion on complex networks;Analysis of Rabies in China: Transmission Dynamics and Control
Coupling dynamics of epidemic spreading and information diffusion on complex networks;Modelling dynamical processes in complex socio-technical systems
Coupling dynamics of epidemic spreading and information diffusion on complex networks;Impact of Non-Poissonian Activity Patterns on Spreading Processes
Coupling dynamics of epidemic spreading and information diffusion on complex networks;Modeling human mobility responses to the large-scale spreading of infectious diseases
Coupling dynamics of epidemic spreading and information diffusion on complex networks;Modeling Human Dynamics of Face-to-Face Interaction Networks
Inferring the diffusion and evolution of topics in social communities;Group formation in large social networks
Inferring the diffusion and evolution of topics in social communities;Dynamic topic models
Identifying Influential Spreaders Based on Network Community Structure;The small-world problem
Identifying Influential Spreaders Based on Network Community Structure;Collective dynamics of ‘small-world’ networks
Identifying Influential Spreaders Based on Network Community Structure;Four degrees of separation
Information Diffusion Path Inferring Algorithm Based on Communication Data;Personal Influence
DiffRank：一种新型社会网络信息传播检测算法;TwitterRank
DiffRank：一种新型社会网络信息传播检测算法;Mining topic-level influence in heterogeneous networks
社交网络中信息传播预测的研究综述;Who says what to whom on twitter
社交网络中信息传播预测的研究综述;The Two-Step Flow of Communication: An Up-To-Date Report on an Hypothesis
社交网络中信息传播预测的研究综述;Want to be Retweeted? Large Scale Analytics on Factors Impacting Retweet in Twitter Network
社交网络中信息传播预测的研究综述;TwitterRank
Link Recommendation for Promoting Information Diffusion in Social Networks;Recommendations to boost content spread in social networks
基于贝叶斯模型的微博网络水军识别算法研究;Short text classification in twitter to improve information filtering
BL-MNE: Emerging heterogeneous social network embedding through broad learning with aligned autoencoder;Is There a Best Quality Metric for Graph Clusters?
Transferring Heterogeneous Links across Location-Based Social Networks;Friends and neighbors on the Web
Inferring Anchor Links across Multiple Heterogeneous Social Networks;Friends and neighbors on the Web
Meta-path based Anchor Link Inference in Multiple Partially Aligned Social Networks;What's in a name?
Aligning Users Across Social Networks Using Network Embedding;Link Prediction and Recommendation across Heterogeneous Social Networks
Deep Collaborative Filtering with Multi-Aspect Information in Heterogeneous Networks;Collaborative Filtering for Implicit Feedback Datasets
Deep Collaborative Filtering with Multi-Aspect Information in Heterogeneous Networks;Matrix Factorization Techniques for Recommender Systems
Deep Collaborative Filtering with Multi-Aspect Information in Heterogeneous Networks;Factorization meets the neighborhood
Deep Collaborative Filtering with Multi-Aspect Information in Heterogeneous Networks;SoRec
Deep Collaborative Filtering with Multi-Aspect Information in Heterogeneous Networks;Integrating heterogeneous information via flexible regularization framework for recommendation
Deep Collaborative Filtering with Multi-Aspect Information in Heterogeneous Networks;Neural Collaborative Filtering
Deep Collaborative Filtering with Multi-Aspect Information in Heterogeneous Networks;Deep Matrix Factorization Models for Recommender Systems
Deep Collaborative Filtering with Multi-Aspect Information in Heterogeneous Networks;A survey of heterogeneous information network analysis
PME: Projected Metric Embedding on Heterogeneous Networks for Link Prediction;Distributed large-scale natural graph factorization
Structural Deep Embedding for Hyper-Networks;Higher order learning with graphs
Easing Embedding Learning by Comprehensive Transcription of Heterogeneous Information Networks;Learning Edge Representations via Low-Rank Asymmetric Projections
Easing Embedding Learning by Comprehensive Transcription of Heterogeneous Information Networks;Heterogeneous Network Embedding via Deep Architectures
Easing Embedding Learning by Comprehensive Transcription of Heterogeneous Information Networks;Task-Guided and Path-Augmented Heterogeneous Network Embedding for Author Identification
Co-Regularized Deep Multi-Network Embedding;Laplacian Eigenmaps for Dimensionality Reduction and Data Representation
Co-Regularized Deep Multi-Network Embedding;GraRep
RaRE: Social Rank Regulated Large-scale Network Embedding;Distributed large-scale natural graph factorization
RaRE: Social Rank Regulated Large-scale Network Embedding;Friendship networks and social status
RaRE: Social Rank Regulated Large-scale Network Embedding;ObjectRank
RaRE: Social Rank Regulated Large-scale Network Embedding;Emergence of Scaling in Random Networks
HINE: Heterogeneous Information Network Embedding;Distributed large-scale natural graph factorization
Structural Deep Network Embedding;Laplacian Eigenmaps for Dimensionality Reduction and Data Representation
Structural Deep Network Embedding;Learning Deep Architectures for AI
Task-Guided and Path-Augmented Heterogeneous Network Embedding for Author Identification;Statistical mechanics of complex networks
Embedding of Embedding (EOE): Joint Embedding for Coupled Heterogeneous Networks;Distributed large-scale natural graph factorization
Embedding of Embedding (EOE): Joint Embedding for Coupled Heterogeneous Networks;Minimization of functions having Lipschitz continuous first partial derivatives
Learning Tree-Structured Detection Cascades for Heterogeneous Networks of Embedded Devices;mPuff: Automated detection of cigarette smoking puffs from respiration measurements
Clustering Embedded Approaches for Efficient Information Network Inference;Trace complexity of network inference
Clustering Embedded Approaches for Efficient Information Network Inference;Cascade-based community detection
Clustering Embedded Approaches for Efficient Information Network Inference;Learning social network embeddings for predicting information diffusion
Learning Community Embedding with Community Detection and Node Embedding on Graphs;Heterogeneous Network Embedding via Deep Architectures
A Multiobjective Evolutionary Algorithm Based on Similarity for Community Detection from Signed Social Networks;Exploring complex networks
A Multiobjective Evolutionary Algorithm Based on Similarity for Community Detection from Signed Social Networks;Statistical mechanics of complex networks
Complex Network Community Detection by Improved Nondominated Sorting Genetic Algorithm;Community structure in social and biological networks
Advancing community detection using Keyword Attribute Search;Statistical mechanics of complex networks
Advancing community detection using Keyword Attribute Search;Complete graph model for community detection
Advancing community detection using Keyword Attribute Search;An information-theoretic framework for resolving community structure in complex networks
Advancing community detection using Keyword Attribute Search;Near linear time algorithm to detect community structures in large-scale networks
Community detection in networks: A user guide;Scale-Free Networks
Community detection in networks: A user guide;Dynamical Processes on Complex Networks
Community detection in networks: A user guide;Complex Networks
Dynamic Topical Community Detection in Social Network: A Generative Model Approach;Community detection in graphs
Dynamic Topical Community Detection in Social Network: A Generative Model Approach;Community Level Diffusion Extraction
Dynamic Topical Community Detection in Social Network: A Generative Model Approach;Maximizing the spread of influence ranking in social networks
Dynamic Topical Community Detection in Social Network: A Generative Model Approach;CoGrec: A Community-Oriented Group Recommendation Framework
Null models for community detection in spatially embedded, temporal networks;Exact Recovery in the Stochastic Block Model
Community detection based on information dynamics;Detecting community structure via synchronous label propagation
Community detection based on information dynamics;Scalable Clustering by Iterative Partitioning and Point Attractor Representation
Community detection based on information dynamics;Identifying Influential Nodes in Complex Networks Based on Weighted Formal Concept Analysis
Community detection based on information dynamics;Clustering by fast search and find of density peaks
Community detection based on information dynamics;Synchronization Based Outlier Detection
Community detection based on information dynamics;Equivalence between modularity optimization and maximum likelihood methods for community detection
Community detection based on information dynamics;Epidemic thresholds in real networks
Community detection based on information dynamics;Synchronization-based scalable subspace clustering of high-dimensional data
Community detection based on information dynamics;Normalized cuts and image segmentation
A Homophily-Free Community Detection Framework for Trajectories with Delayed Responses;Fast unfolding of communities in large networks
A Homophily-Free Community Detection Framework for Trajectories with Delayed Responses;Inferring friendship network structure by using mobile phone data
Community detection in large‐scale networks: a survey and empirical evaluation;CFinder: locating cliques and overlapping modules in biological networks
Community detection in large‐scale networks: a survey and empirical evaluation;A Graph Based Approach to Extract a Neighborhood Customer Community for Collaborative Filtering
Community detection in large‐scale networks: a survey and empirical evaluation;Complex networks as a unified framework for descriptive analysis and predictive modeling in climate science
Community detection in large‐scale networks: a survey and empirical evaluation;Community Structure in Graphs
Community Detection with Edge Content in Social Media Networks;Massive Quasi-Clique Detection
Community Focusing: Yet Another Query-Dependent Community Detection;From community detection to community profiling
Community Detection in Networks with Node Attributes;Link communities reveal multiscale complexity in networks
Community detection in networks: A multidisciplinary review;Toward the next generation of recommender systems: a survey of the state-of-the-art and possible extensions
Community detection in networks: A multidisciplinary review;Clustering Technique on Search Engine Dataset Using Data Mining Tool
Benchmark graphs for testing community detection algorithms;The Structure and Function of Complex Networks
Benchmark graphs for testing community detection algorithms;Complex networks: Structure and dynamics
Benchmark graphs for testing community detection algorithms;Community structure in social and biological networks
Adapting Community Detection Algorithms for Disease Module Identification in Heterogeneous Biologucal Networks;Local Graph Partitioning using PageRank Vectors
Overlapping Community Detection Using Neighborhood-Inflated Seed Expansion;Improved network community structure improves function prediction
Overlapping Community Detection Using Neighborhood-Inflated Seed Expansion;Communities from seed sets
Overlapping Community Detection Using Neighborhood-Inflated Seed Expansion;Multilevelk-way Partitioning Scheme for Irregular Graphs
Community detection, link prediction, and layer interdependence in multilayer networks;The Genetic Landscape of a Cell
Dynamic Social Community Detection and Its Applications;Community structure in social and biological networks
Communities detection in social network based on local edge centrality;Community detection in graphs
Communities detection in social network based on local edge centrality;Exploring complex networks
"Nonnegative matrix factorization with mixed hypergraph regularization for community detection";The political blogosphere and the 2004 U.S. election
"Nonnegative matrix factorization with mixed hypergraph regularization for community detection";Fast unfolding of communities in large networks
"Nonnegative matrix factorization with mixed hypergraph regularization for community detection";Graph Regularized Nonnegative Matrix Factorization for Data Representation
"Nonnegative matrix factorization with mixed hypergraph regularization for community detection";Active Semi-Supervised Community Detection Based on Must-Link and Cannot-Link Constraints
"Nonnegative matrix factorization with mixed hypergraph regularization for community detection";Finding community structure in very large networks
"Nonnegative matrix factorization with mixed hypergraph regularization for community detection";Musical rhythmic pattern extraction using relevance of communities in networks
"Nonnegative matrix factorization with mixed hypergraph regularization for community detection";Community detection in complex networks using extremal optimization
"Incorporating implicit link preference into overlapping community detection";Link communities reveal multiscale complexity in networks
DeepWalk: Online Learning of Social Representations;Local Graph Partitioning using PageRank Vectors
DeepWalk: Online Learning of Social Representations;Representation Learning: A Review and New Perspectives
EMBEDDING ENTITIES AND RELATIONS FOR LEARNING AND INFERENCE IN KNOWLEDGE BASES;DBpedia: A Nucleus for a Web of Open Data
LINE: Large-scale Information Network Embedding;Distributed large-scale natural graph factorization
node2vec: Scalable Feature Learning for Networks;Friends and neighbors on the Web
node2vec: Scalable Feature Learning for Networks;Supervised random walks
Translating Embeddings for Modeling Multi-relational Data;Freebase
Translating Embeddings for Modeling Multi-relational Data;A semantic matching energy function for learning with multi-relational data